"","","cumulative_prob"
"0.1%",102833.709962457,0.001
"0.2%",103955.995184787,0.002
"0.3%",105068.81213176,0.003
"0.4%",106047.342070028,0.004
"0.5%",106927.870582853,0.005
"0.6%",107652.95585692,0.006
"0.7%",108461.515824716,0.007
"0.8%",109138.326939288,0.008
"0.9%",109735.155263844,0.009
"1.0%",110394.872003203,0.01
"1.1%",111004.88403001,0.011
"1.2%",111617.696870451,0.012
"1.3%",112218.015604815,0.013
"1.4%",112777.702129291,0.014
"1.5%",113264.791992383,0.015
"1.6%",113865.569232995,0.016
"1.7%",114459.059217816,0.017
"1.8%",115010.986145273,0.018
"1.9%",115488.734674963,0.019
"2.0%",115994.041694752,0.02
"2.1%",116572.166410225,0.021
"2.2%",117144.546043245,0.022
"2.3%",117640.878301834,0.023
"2.4%",118128.685965054,0.024
"2.5%",118558.860298796,0.025
"2.6%",119050.726297499,0.026
"2.7%",119542.376937208,0.027
"2.8%",120018.761329922,0.028
"2.9%",120504.762661218,0.029
"3.0%",120926.140834819,0.03
"3.1%",121317.274410721,0.031
"3.2%",121819.403794415,0.032
"3.3%",122210.191191231,0.033
"3.4%",122731.038205827,0.034
"3.5%",123183.099353173,0.035
"3.6%",123581.910978866,0.036
"3.7%",124032.353030369,0.037
"3.8%",124458.665823047,0.038
"3.9%",124894.305633783,0.039
"4.0%",125311.607431976,0.04
"4.1%",125778.737431006,0.041
"4.2%",126253.146970383,0.042
"4.3%",126776.865464554,0.043
"4.4%",127265.588188322,0.044
"4.5%",127690.950310764,0.045
"4.6%",128124.640583525,0.046
"4.7%",128473.611354929,0.047
"4.8%",128848.191480232,0.048
"4.9%",129302.052638359,0.049
"5.0%",129693.673258129,0.05
"5.1%",130135.887041055,0.051
"5.2%",130533.116794402,0.052
"5.3%",130913.766619088,0.053
"5.4%",131287.477036095,0.054
"5.5%",131804.721053939,0.055
"5.6%",132223.975422728,0.056
"5.7%",132641.559715122,0.057
"5.8%",133144.535547339,0.058
"5.9%",133488.51516984,0.059
"6.0%",133812.029332312,0.06
"6.1%",134232.209313714,0.061
"6.2%",134666.908186286,0.062
"6.3%",135008.209039624,0.063
"6.4%",135425.144245508,0.064
"6.5%",135781.750336457,0.065
"6.6%",136208.112524091,0.066
"6.7%",136578.398074404,0.067
"6.8%",136967.011210602,0.068
"6.9%",137364.39487176,0.069
"7.0%",137768.287820434,0.07
"7.1%",138171.394163279,0.071
"7.2%",138597.533340072,0.072
"7.3%",138939.887818587,0.073
"7.4%",139390.456901286,0.074
"7.5%",139777.394830872,0.075
"7.6%",140165.002195259,0.076
"7.7%",140551.27839485,0.077
"7.8%",140933.331201793,0.078
"7.9%",141213.969148451,0.079
"8.0%",141593.998578392,0.08
"8.1%",142004.465741936,0.081
"8.2%",142396.060202308,0.082
"8.3%",142734.680432119,0.083
"8.4%",143130.099512982,0.084
"8.5%",143521.230152304,0.085
"8.6%",143892.081051672,0.086
"8.7%",144258.250066472,0.087
"8.8%",144661.477700428,0.088
"8.9%",145066.10297299,0.089
"9.0%",145505.466232076,0.09
"9.1%",145908.910735953,0.091
"9.2%",146325.312395667,0.092
"9.3%",146713.43098791,0.093
"9.4%",147137.042560538,0.094
"9.5%",147488.915554001,0.095
"9.6%",147930.950414038,0.096
"9.7%",148318.291955403,0.097
"9.8%",148729.520661215,0.098
"9.9%",149132.527182945,0.099
"10.0%",149525.542703711,0.1
"10.1%",149943.177280006,0.101
"10.2%",150334.872151005,0.102
"10.3%",150691.885754356,0.103
"10.4%",151076.747077008,0.104
"10.5%",151486.124199122,0.105
"10.6%",151899.667071955,0.106
"10.7%",152349.367223001,0.107
"10.8%",152683.872382778,0.108
"10.9%",153050.844337853,0.109
"11.0%",153422.328545706,0.11
"11.1%",153740.78782442,0.111
"11.2%",154160.786722096,0.112
"11.3%",154621.754395944,0.113
"11.4%",155002.645529851,0.114
"11.5%",155376.453064416,0.115
"11.6%",155787.583340194,0.116
"11.7%",156085.328342927,0.117
"11.8%",156485.677339973,0.118
"11.9%",156937.352851118,0.119
"12.0%",157351.540821639,0.12
"12.1%",157825.405100712,0.121
"12.2%",158208.763075037,0.122
"12.3%",158610.176611884,0.123
"12.4%",158967.957632996,0.124
"12.5%",159431.910809615,0.125
"12.6%",159820.407025904,0.126
"12.7%",160290.416570487,0.127
"12.8%",160714.961643718,0.128
"12.9%",161111.89539073,0.129
"13.0%",161500.922876309,0.13
"13.1%",161757.725863083,0.131
"13.2%",162168.664153822,0.132
"13.3%",162548.961360999,0.133
"13.4%",162982.550364785,0.134
"13.5%",163329.498226377,0.135
"13.6%",163727.46842786,0.136
"13.7%",164150.279159121,0.137
"13.8%",164623.207745466,0.138
"13.9%",165129.518087819,0.139
"14.0%",165575.805875224,0.14
"14.1%",165954.149053671,0.141
"14.2%",166417.246559919,0.142
"14.3%",166786.316586873,0.143
"14.4%",167216.914500883,0.144
"14.5%",167639.071926532,0.145
"14.6%",167978.266141646,0.146
"14.7%",168352.687361167,0.147
"14.8%",168717.142016909,0.148
"14.9%",169179.63405352,0.149
"15.0%",169661.922796773,0.15
"15.1%",170014.88739535,0.151
"15.2%",170447.947159846,0.152
"15.3%",170839.489608843,0.153
"15.4%",171280.874445443,0.154
"15.5%",171688.684618064,0.155
"15.6%",172106.738943654,0.156
"15.7%",172518.465579985,0.157
"15.8%",172870.457661923,0.158
"15.9%",173261.725902775,0.159
"16.0%",173739.340740138,0.16
"16.1%",174137.844743183,0.161
"16.2%",174604.343567378,0.162
"16.3%",175050.349295125,0.163
"16.4%",175503.362762815,0.164
"16.5%",175941.225676436,0.165
"16.6%",176377.050781493,0.166
"16.7%",176775.565248983,0.167
"16.8%",177211.819285878,0.168
"16.9%",177610.041912802,0.169
"17.0%",178066.560850582,0.17
"17.1%",178488.889369509,0.171
"17.2%",178964.527714043,0.172
"17.3%",179398.870726263,0.173
"17.4%",179860.329842104,0.174
"17.5%",180301.559109131,0.175
"17.6%",180772.948274298,0.176
"17.7%",181248.33801225,0.177
"17.8%",181637.313000357,0.178
"17.9%",182058.962175431,0.179
"18.0%",182500.879000101,0.18
"18.1%",182957.986275038,0.181
"18.2%",183350.230005333,0.182
"18.3%",183754.230930533,0.183
"18.4%",184200.363065966,0.184
"18.5%",184684.82584589,0.185
"18.6%",185095.006171187,0.186
"18.7%",185533.55922442,0.187
"18.8%",185952.577662343,0.188
"18.9%",186497.460398818,0.189
"19.0%",186964.161545087,0.19
"19.1%",187373.295470271,0.191
"19.2%",187919.546527013,0.192
"19.3%",188335.66628898,0.193
"19.4%",188769.104874572,0.194
"19.5%",189252.137786676,0.195
"19.6%",189651.219737009,0.196
"19.7%",190049.013903078,0.197
"19.8%",190528.876566119,0.198
"19.9%",190972.095971946,0.199
"20.0%",191445.309150936,0.2
"20.1%",191910.483198764,0.201
"20.2%",192319.624037593,0.202
"20.3%",192732.373765139,0.203
"20.4%",193128.547294116,0.204
"20.5%",193628.256251606,0.205
"20.6%",194152.568491009,0.206
"20.7%",194570.908521591,0.207
"20.8%",195036.63947714,0.208
"20.9%",195435.610158173,0.209
"21.0%",195902.527346323,0.21
"21.1%",196329.823546164,0.211
"21.2%",196756.134325396,0.212
"21.3%",197324.916277845,0.213
"21.4%",197818.085964276,0.214
"21.5%",198372.014225358,0.215
"21.6%",198813.942664195,0.216
"21.7%",199299.693366458,0.217
"21.8%",199773.647691471,0.218
"21.9%",200326.093201125,0.219
"22.0%",200791.60835592,0.22
"22.1%",201336.659656911,0.221
"22.2%",201735.349369474,0.222
"22.3%",202263.578135665,0.223
"22.4%",202801.803469096,0.224
"22.5%",203262.561306977,0.225
"22.6%",203744.307155879,0.226
"22.7%",204160.559908997,0.227
"22.8%",204651.474076563,0.228
"22.9%",205138.408089887,0.229
"23.0%",205637.603780195,0.23
"23.1%",206182.817851488,0.231
"23.2%",206585.891879643,0.232
"23.3%",207025.951937649,0.233
"23.4%",207619.37683021,0.234
"23.5%",208074.287696524,0.235
"23.6%",208577.205255195,0.236
"23.7%",209032.400008941,0.237
"23.8%",209501.15469978,0.238
"23.9%",209998.840709516,0.239
"24.0%",210471.305550149,0.24
"24.1%",211056.000979676,0.241
"24.2%",211437.38842614,0.242
"24.3%",211934.641121586,0.243
"24.4%",212492.094480381,0.244
"24.5%",213016.802056788,0.245
"24.6%",213531.882490214,0.246
"24.7%",214062.831718925,0.247
"24.8%",214527.15938475,0.248
"24.9%",215015.542270194,0.249
"25.0%",215538.181142651,0.25
"25.1%",216048.629110214,0.251
"25.2%",216496.683795931,0.252
"25.3%",217055.818624301,0.253
"25.4%",217567.124808307,0.254
"25.5%",218165.037463134,0.255
"25.6%",218673.444322586,0.256
"25.7%",219134.865140467,0.257
"25.8%",219600.277971576,0.258
"25.9%",220140.656113141,0.259
"26.0%",220669.852198182,0.26
"26.1%",221213.237153106,0.261
"26.2%",221703.958276077,0.262
"26.3%",222192.524947808,0.263
"26.4%",222677.516208839,0.264
"26.5%",223226.136837155,0.265
"26.6%",223670.660915967,0.266
"26.7%",224151.803548572,0.267
"26.8%",224550.897203095,0.268
"26.9%",225124.930645409,0.269
"27.0%",225682.43624412,0.27
"27.1%",226226.184599209,0.271
"27.2%",226715.332101954,0.272
"27.3%",227352.140060602,0.273
"27.4%",227901.808013941,0.274
"27.5%",228397.138149096,0.275
"27.6%",228854.043711726,0.276
"27.7%",229445.954614231,0.277
"27.8%",229937.057308696,0.278
"27.9%",230430.297035511,0.279
"28.0%",230947.618737482,0.28
"28.1%",231553.778689891,0.281
"28.2%",232069.646646577,0.282
"28.3%",232677.661136225,0.283
"28.4%",233137.660712361,0.284
"28.5%",233706.521935831,0.285
"28.6%",234289.154115331,0.286
"28.7%",234871.445371605,0.287
"28.8%",235431.246362917,0.288
"28.9%",235912.781097305,0.289
"29.0%",236441.276278888,0.29
"29.1%",237120.263771851,0.291
"29.2%",237728.346017351,0.292
"29.3%",238278.909840612,0.293
"29.4%",238781.646387234,0.294
"29.5%",239299.79290196,0.295
"29.6%",239907.353911748,0.296
"29.7%",240485.938283394,0.297
"29.8%",241107.702490578,0.298
"29.9%",241641.047597342,0.299
"30.0%",242225.992101449,0.3
"30.1%",242748.503414257,0.301
"30.2%",243372.282916983,0.302
"30.3%",243886.843632191,0.303
"30.4%",244450.476198836,0.304
"30.5%",245162.296331652,0.305
"30.6%",245754.604516626,0.306
"30.7%",246279.850861435,0.307
"30.8%",246907.315591356,0.308
"30.9%",247483.211495717,0.309
"31.0%",248048.079925519,0.31
"31.1%",248570.321862548,0.311
"31.2%",249235.765254522,0.312
"31.3%",249907.606177643,0.313
"31.4%",250338.607398557,0.314
"31.5%",250707.37153959,0.315
"31.6%",251023.653939883,0.316
"31.7%",251426.783971507,0.317
"31.8%",251785.5443685,0.318
"31.9%",252151.621944399,0.319
"32.0%",252585.741555636,0.32
"32.1%",252973.45610262,0.321
"32.2%",253338.709238831,0.322
"32.3%",253743.254830512,0.323
"32.4%",254033.573181793,0.324
"32.5%",254340.444194141,0.325
"32.6%",254711.115506555,0.326
"32.7%",255059.901951732,0.327
"32.8%",255405.468037884,0.328
"32.9%",255715.658897998,0.329
"33.0%",256079.438121433,0.33
"33.1%",256427.618948931,0.331
"33.2%",256752.06313339,0.332
"33.3%",257136.149999605,0.333
"33.4%",257485.129872858,0.334
"33.5%",257858.0954535,0.335
"33.6%",258228.344973438,0.336
"33.7%",258669.054879413,0.337
"33.8%",259071.292326409,0.338
"33.9%",259457.834902492,0.339
"34.0%",259805.256932378,0.34
"34.1%",260143.868340273,0.341
"34.2%",260548.297254963,0.342
"34.3%",260910.299285781,0.343
"34.4%",261308.140849874,0.344
"34.5%",261650.878495067,0.345
"34.6%",262020.789690799,0.346
"34.7%",262452.429226567,0.347
"34.8%",262833.42545872,0.348
"34.9%",263176.832784014,0.349
"35.0%",263599.238736398,0.35
"35.1%",264033.696915284,0.351
"35.2%",264442.428193196,0.352
"35.3%",264853.475543947,0.353
"35.4%",265249.015699835,0.354
"35.5%",265660.332799846,0.355
"35.6%",266061.291131878,0.356
"35.7%",266485.545616034,0.357
"35.8%",266988.746546047,0.358
"35.9%",267386.427703113,0.359
"36.0%",267752.813543194,0.36
"36.1%",268141.707013708,0.361
"36.2%",268526.703239934,0.362
"36.3%",268927.348133641,0.363
"36.4%",269334.882163206,0.364
"36.5%",269726.1901541,0.365
"36.6%",270229.693530758,0.366
"36.7%",270619.016161376,0.367
"36.8%",271036.468760576,0.368
"36.9%",271517.484768026,0.369
"37.0%",271882.608752566,0.37
"37.1%",272275.52781395,0.371
"37.2%",272789.84164309,0.372
"37.3%",273280.101123967,0.373
"37.4%",273719.487440267,0.374
"37.5%",274175.436965578,0.375
"37.6%",274602.394711139,0.376
"37.7%",275057.460117994,0.377
"37.8%",275521.076972381,0.378
"37.9%",275889.535485132,0.379
"38.0%",276298.617953317,0.38
"38.1%",276772.170114407,0.381
"38.2%",277136.137532756,0.382
"38.3%",277538.551094324,0.383
"38.4%",278026.500040419,0.384
"38.5%",278440.144793664,0.385
"38.6%",278924.066767995,0.386
"38.7%",279446.457127484,0.387
"38.8%",279846.644392157,0.388
"38.9%",280246.547655191,0.389
"39.0%",280737.826261109,0.39
"39.1%",281250.714074097,0.391
"39.2%",281700.807602486,0.392
"39.3%",282243.211738485,0.393
"39.4%",282713.618892621,0.394
"39.5%",283248.920843067,0.395
"39.6%",283745.519720517,0.396
"39.7%",284142.733657157,0.397
"39.8%",284612.675125316,0.398
"39.9%",285116.603256939,0.399
"40.0%",285581.168187591,0.4
"40.1%",285980.852832981,0.401
"40.2%",286533.078986066,0.402
"40.3%",287063.258998071,0.403
"40.4%",287523.948600819,0.404
"40.5%",287977.390021244,0.405
"40.6%",288531.526033763,0.406
"40.7%",289048.612712141,0.407
"40.8%",289460.258021329,0.408
"40.9%",289981.718764875,0.409
"41.0%",290487.649175123,0.41
"41.1%",290925.847768871,0.411
"41.2%",291587.283125964,0.412
"41.3%",291982.198269354,0.413
"41.4%",292621.729012608,0.414
"41.5%",293229.981141351,0.415
"41.6%",293816.815383867,0.416
"41.7%",294273.886085002,0.417
"41.8%",294930.631500043,0.418
"41.9%",295475.567101077,0.419
"42.0%",295966.050441099,0.42
"42.1%",296614.838735888,0.421
"42.2%",297039.998111743,0.422
"42.3%",297499.247963494,0.423
"42.4%",298118.96059017,0.424
"42.5%",298588.069486793,0.425
"42.6%",299245.160818563,0.426
"42.7%",299887.172041103,0.427
"42.8%",300400.947355122,0.428
"42.9%",300984.57424405,0.429
"43.0%",301631.017764193,0.43
"43.1%",302213.034719412,0.431
"43.2%",302739.815834277,0.432
"43.3%",303386.189864063,0.433
"43.4%",303969.105528087,0.434
"43.5%",304600.104849201,0.435
"43.6%",305160.607264745,0.436
"43.7%",305812.610935408,0.437
"43.8%",306455.476386517,0.438
"43.9%",307052.486989683,0.439
"44.0%",307650.763074884,0.44
"44.1%",308270.78858385,0.441
"44.2%",308963.656491266,0.442
"44.3%",309647.161522531,0.443
"44.4%",310254.787792565,0.444
"44.5%",310816.698140747,0.445
"44.6%",311512.136950646,0.446
"44.7%",312116.770142015,0.447
"44.8%",312684.778268975,0.448
"44.9%",313179.59381008,0.449
"45.0%",313811.178839874,0.45
"45.1%",314399.33156077,0.451
"45.2%",315090.27566006,0.452
"45.3%",315641.647701586,0.453
"45.4%",316273.204234229,0.454
"45.5%",316871.863059585,0.455
"45.6%",317433.316324839,0.456
"45.7%",318060.680472444,0.457
"45.8%",318885.368770108,0.458
"45.9%",319428.847175866,0.459
"46.0%",320067.377977354,0.46
"46.1%",320763.962455833,0.461
"46.2%",321484.157060633,0.462
"46.3%",322128.271560065,0.463
"46.4%",322896.204347119,0.464
"46.5%",323504.761403183,0.465
"46.6%",324227.936021401,0.466
"46.7%",324882.923473961,0.467
"46.8%",325536.491644448,0.468
"46.9%",326116.946550984,0.469
"47.0%",326932.260313611,0.47
"47.1%",327627.788202072,0.471
"47.2%",328416.301705063,0.472
"47.3%",329063.579162837,0.473
"47.4%",329774.494216002,0.474
"47.5%",330358.664312497,0.475
"47.6%",331040.837632647,0.476
"47.7%",331824.28426948,0.477
"47.8%",332516.481677909,0.478
"47.9%",333364.813106591,0.479
"48.0%",334071.225546286,0.48
"48.1%",334765.555715211,0.481
"48.2%",335539.344168653,0.482
"48.3%",336275.198431103,0.483
"48.4%",336967.338388089,0.484
"48.5%",337790.541365248,0.485
"48.6%",338464.115185656,0.486
"48.7%",339225.88784806,0.487
"48.8%",339997.098878349,0.488
"48.9%",340802.637281617,0.489
"49.0%",341530.231725709,0.49
"49.1%",342400.273185672,0.491
"49.2%",343107.604900685,0.492
"49.3%",343890.45966212,0.493
"49.4%",344654.527127301,0.494
"49.5%",345480.176404573,0.495
"49.6%",346285.90140487,0.496
"49.7%",346996.894123021,0.497
"49.8%",347770.280244217,0.498
"49.9%",348664.136565309,0.499
"50.0%",349491.680905452,0.5
"50.1%",350350.959975395,0.501
"50.2%",351122.769528424,0.502
"50.3%",351997.239224717,0.503
"50.4%",352772.937858948,0.504
"50.5%",353648.654140622,0.505
"50.6%",354389.314707645,0.506
"50.7%",355186.835260511,0.507
"50.8%",355968.737870265,0.508
"50.9%",356758.640481184,0.509
"51.0%",357640.098389188,0.51
"51.1%",358571.505053035,0.511
"51.2%",359514.791934616,0.512
"51.3%",360351.770081871,0.513
"51.4%",361384.946858819,0.514
"51.5%",362196.551944651,0.515
"51.6%",363048.65233474,0.516
"51.7%",363893.207468355,0.517
"51.8%",364825.424640269,0.518
"51.9%",365672.402767113,0.519
"52.0%",366631.455956512,0.52
"52.1%",367482.061823335,0.521
"52.2%",368365.916421457,0.522
"52.3%",369201.976310312,0.523
"52.4%",370156.545810037,0.524
"52.5%",371087.567731656,0.525
"52.6%",372057.177518668,0.526
"52.7%",372968.924384801,0.527
"52.8%",373944.399617407,0.528
"52.9%",374839.841608816,0.529
"53.0%",375701.834023928,0.53
"53.1%",376836.688447117,0.531
"53.2%",377797.722965901,0.532
"53.3%",378826.130820819,0.533
"53.4%",379704.499437143,0.534
"53.5%",380793.500706162,0.535
"53.6%",381794.650264336,0.536
"53.7%",382704.748290305,0.537
"53.8%",383628.00837586,0.538
"53.9%",384644.076626968,0.539
"54.0%",385570.575558763,0.54
"54.1%",386735.766901414,0.541
"54.2%",387600.714686218,0.542
"54.3%",388578.327783491,0.543
"54.4%",389681.277053029,0.544
"54.5%",390594.804286605,0.545
"54.6%",391606.341175518,0.546
"54.7%",392633.894897369,0.547
"54.8%",393739.117982242,0.548
"54.9%",394879.096609315,0.549
"55.0%",395909.152992175,0.55
"55.1%",396857.155571946,0.551
"55.2%",397847.112192097,0.552
"55.3%",399123.136623028,0.553
"55.4%",400226.106805602,0.554
"55.5%",401279.962133859,0.555
"55.6%",402352.422101296,0.556
"55.7%",403346.773599233,0.557
"55.8%",404469.838389152,0.558
"55.9%",405871.968298362,0.559
"56.0%",406861.333502118,0.56
"56.1%",407900.495547757,0.561
"56.2%",408931.920573029,0.562
"56.3%",410301.08647019,0.563
"56.4%",411228.530100796,0.564
"56.5%",412399.028018477,0.565
"56.6%",413794.391608113,0.566
"56.7%",414924.470624483,0.567
"56.8%",416106.842721407,0.568
"56.9%",417284.845315094,0.569
"57.0%",418415.249554351,0.57
"57.1%",419657.365716126,0.571
"57.2%",420834.401680113,0.572
"57.3%",422163.420998374,0.573
"57.4%",423439.92700525,0.574
"57.5%",424434.918246467,0.575
"57.6%",425497.729358435,0.576
"57.7%",426975.743785388,0.577
"57.8%",428313.65301718,0.578
"57.9%",429369.961049898,0.579
"58.0%",430540.606600662,0.58
"58.1%",431725.492517641,0.581
"58.2%",432807.75693091,0.582
"58.3%",434118.460179195,0.583
"58.4%",435264.310167404,0.584
"58.5%",436554.919691626,0.585
"58.6%",438095.680548516,0.586
"58.7%",439054.916282714,0.587
"58.8%",440391.099269844,0.588
"58.9%",441623.363389322,0.589
"59.0%",443058.081535019,0.59
"59.1%",444170.158229646,0.591
"59.2%",445462.932760307,0.592
"59.3%",446605.986353794,0.593
"59.4%",447699.980197865,0.594
"59.5%",449205.238461854,0.595
"59.6%",450402.329622778,0.596
"59.7%",451862.038271482,0.597
"59.8%",453149.735769874,0.598
"59.9%",454623.135512878,0.599
"60.0%",456037.91018823,0.6
"60.1%",457489.338543956,0.601
"60.2%",459067.798672911,0.602
"60.3%",460391.79960494,0.603
"60.4%",461747.30224112,0.604
"60.5%",463236.585253181,0.605
"60.6%",464707.791475358,0.606
"60.7%",466272.699665932,0.607
"60.8%",467910.184953784,0.608
"60.9%",469376.492318333,0.609
"61.0%",470995.310747159,0.61
"61.1%",472329.18620376,0.611
"61.2%",473635.157297538,0.612
"61.3%",474841.035022767,0.613
"61.4%",476419.259758079,0.614
"61.5%",477773.62731699,0.615
"61.6%",479113.046127959,0.616
"61.7%",480585.075532386,0.617
"61.8%",481882.637017804,0.618
"61.9%",483207.447494739,0.619
"62.0%",484678.612150927,0.62
"62.1%",486065.481754085,0.621
"62.2%",487384.937436379,0.622
"62.3%",489020.16786925,0.623
"62.4%",490691.481268179,0.624
"62.5%",492194.316953218,0.625
"62.6%",493600.156498875,0.626
"62.7%",495108.587922059,0.627
"62.8%",496580.186340546,0.628
"62.9%",498020.009028374,0.629
"63.0%",499722.700991091,0.63
"63.1%",501323.397966952,0.631
"63.2%",502048.236752379,0.632
"63.3%",502696.582784738,0.633
"63.4%",503564.748590843,0.634
"63.5%",504332.153788953,0.635
"63.6%",505154.844899305,0.636
"63.7%",505912.405219814,0.637
"63.8%",506628.410532034,0.638
"63.9%",507369.526187912,0.639
"64.0%",508147.624113831,0.64
"64.1%",508776.794058771,0.641
"64.2%",509435.035786794,0.642
"64.3%",510291.776344429,0.643
"64.4%",510973.967778314,0.644
"64.5%",511768.362610343,0.645
"64.6%",512512.492262978,0.646
"64.7%",513303.06382948,0.647
"64.8%",514110.756258084,0.648
"64.9%",514861.551817545,0.649
"65.0%",515650.044250064,0.65
"65.1%",516467.153733936,0.651
"65.2%",517267.401321166,0.652
"65.3%",518025.856810164,0.653
"65.4%",518855.101204072,0.654
"65.5%",519732.074646612,0.655
"65.6%",520560.170780546,0.656
"65.7%",521256.819924654,0.657
"65.8%",521998.858831219,0.658
"65.9%",522953.220318845,0.659
"66.0%",523821.989386388,0.66
"66.1%",524744.804283983,0.661
"66.2%",525543.947908343,0.662
"66.3%",526499.487863892,0.663
"66.4%",527368.624873435,0.664
"66.5%",528174.932862093,0.665
"66.6%",528968.327037008,0.666
"66.7%",529755.967021102,0.667
"66.8%",530817.449118531,0.668
"66.9%",531695.316591928,0.669
"67.0%",532592.61535514,0.67
"67.1%",533628.129619179,0.671
"67.2%",534539.94383061,0.672
"67.3%",535514.994082177,0.673
"67.4%",536376.969334612,0.674
"67.5%",537347.454841885,0.675
"67.6%",538452.605171437,0.676
"67.7%",539545.862999722,0.677
"67.8%",540444.94157647,0.678
"67.9%",541421.957345716,0.679
"68.0%",542534.710457644,0.68
"68.1%",543735.212915315,0.681
"68.2%",544531.496019077,0.682
"68.3%",545820.677805231,0.683
"68.4%",546719.15648401,0.684
"68.5%",547753.201733909,0.685
"68.6%",548890.230856074,0.686
"68.7%",549954.162353248,0.687
"68.8%",551158.323704539,0.688
"68.9%",552264.058461293,0.689
"69.0%",553414.435002093,0.69
"69.1%",554559.083080428,0.691
"69.2%",555656.22849476,0.692
"69.3%",556770.421860808,0.693
"69.4%",557900.739289199,0.694
"69.5%",559164.58725674,0.695
"69.6%",560377.511776738,0.696
"69.7%",561557.99386736,0.697
"69.8%",562774.143247689,0.698
"69.9%",563926.650857311,0.699
"70.0%",565087.314900529,0.7
"70.1%",566368.985982183,0.701
"70.2%",567695.924974445,0.702
"70.3%",568843.440184525,0.703
"70.4%",570155.809183291,0.704
"70.5%",571508.025119086,0.705
"70.6%",572653.1239428,0.706
"70.7%",573949.977536349,0.707
"70.8%",575158.215913589,0.708
"70.9%",576535.713286832,0.709
"71.0%",577861.423649534,0.71
"71.1%",579418.949337549,0.711
"71.2%",580559.165515558,0.712
"71.3%",581781.681157193,0.713
"71.4%",583533.622333328,0.714
"71.5%",585162.110481676,0.715
"71.6%",586314.696233332,0.716
"71.7%",587559.094540405,0.717
"71.8%",589055.447262122,0.718
"71.9%",590649.132938472,0.719
"72.0%",592091.442472511,0.72
"72.1%",593445.05463168,0.721
"72.2%",594862.984194651,0.722
"72.3%",596461.447426117,0.723
"72.4%",598060.153972928,0.724
"72.5%",599548.301151554,0.725
"72.6%",601166.003985548,0.726
"72.7%",602952.817832657,0.727
"72.8%",604474.784006287,0.728
"72.9%",606215.050059319,0.729
"73.0%",607812.189453493,0.73
"73.1%",609733.975957609,0.731
"73.2%",611485.673385452,0.732
"73.3%",613263.896875771,0.733
"73.4%",614909.085291526,0.734
"73.5%",616681.042155236,0.735
"73.6%",618409.881456552,0.736
"73.7%",619944.620715416,0.737
"73.8%",621718.285738749,0.738
"73.9%",623385.375702967,0.739
"74.0%",625050.554071625,0.74
"74.1%",626951.436148297,0.741
"74.2%",629230.791100867,0.742
"74.3%",631511.039863446,0.743
"74.4%",633368.197429531,0.744
"74.5%",634976.966660258,0.745
"74.6%",636910.537625108,0.746
"74.7%",638685.493517565,0.747
"74.8%",640191.426611143,0.748
"74.9%",642025.108518963,0.749
"75.0%",643933.963899951,0.75
"75.1%",646245.149501482,0.751
"75.2%",647926.90413741,0.752
"75.3%",649903.82111693,0.753
"75.4%",652054.743498358,0.754
"75.5%",654059.69965321,0.755
"75.6%",656318.401259769,0.756
"75.7%",658332.769321162,0.757
"75.8%",660582.315070941,0.758
"75.9%",662767.307399033,0.759
"76.0%",664960.795133793,0.76
"76.1%",667043.356333819,0.761
"76.2%",669052.57819223,0.762
"76.3%",670956.274892583,0.763
"76.4%",673297.818551323,0.764
"76.5%",675827.043205191,0.765
"76.6%",678045.406540771,0.766
"76.7%",680834.877269278,0.767
"76.8%",683050.879404414,0.768
"76.9%",685529.768892511,0.769
"77.0%",687934.870142641,0.77
"77.1%",690022.15877364,0.771
"77.2%",692437.129391254,0.772
"77.3%",694892.684649446,0.773
"77.4%",697666.301402442,0.774
"77.5%",699967.334569603,0.775
"77.6%",702490.981415622,0.776
"77.7%",705277.262732405,0.777
"77.8%",707995.993178711,0.778
"77.9%",710552.337170165,0.779
"78.0%",713088.315782523,0.78
"78.1%",716014.483291027,0.781
"78.2%",718784.773958015,0.782
"78.3%",721783.285579406,0.783
"78.4%",724405.384320723,0.784
"78.5%",727327.581641403,0.785
"78.6%",730577.499234582,0.786
"78.7%",733643.686551847,0.787
"78.8%",737037.82627017,0.788
"78.9%",740262.679406845,0.789
"79.0%",743882.082420774,0.79
"79.1%",747124.649399258,0.791
"79.2%",750124.895526815,0.792
"79.3%",753611.328898069,0.793
"79.4%",757050.423249321,0.794
"79.5%",760483.50505905,0.795
"79.6%",764674.486713526,0.796
"79.7%",768360.754146374,0.797
"79.8%",772936.061167279,0.798
"79.9%",776978.762509408,0.799
"80.0%",780761.405232196,0.8
"80.1%",784970.087731662,0.801
"80.2%",789005.793561938,0.802
"80.3%",792670.507486928,0.803
"80.4%",796576.106731988,0.804
"80.5%",800675.861780613,0.805
"80.6%",804525.445518985,0.806
"80.7%",809104.780593152,0.807
"80.8%",812356.335336962,0.808
"80.9%",816504.367124014,0.809
"81.0%",819988.786994512,0.81
"81.1%",823534.124869656,0.811
"81.2%",828172.769480291,0.812
"81.3%",832855.07624027,0.813
"81.4%",837513.020408855,0.814
"81.5%",842540.36402626,0.815
"81.6%",847467.37801463,0.816
"81.7%",851832.411376123,0.817
"81.8%",856313.457691846,0.818
"81.9%",860178.360567939,0.819
"82.0%",865411.594983117,0.82
"82.1%",870063.523628159,0.821
"82.2%",875630.942402098,0.822
"82.3%",881743.02061387,0.823
"82.4%",886801.748412973,0.824
"82.5%",892190.506812182,0.825
"82.6%",896529.579039509,0.826
"82.7%",901939.064278999,0.827
"82.8%",906966.690423978,0.828
"82.9%",912677.127780715,0.829
"83.0%",918785.769124591,0.83
"83.1%",925249.68385057,0.831
"83.2%",931428.624839325,0.832
"83.3%",937258.470859829,0.833
"83.4%",942999.017304559,0.834
"83.5%",948561.882874582,0.835
"83.6%",954887.576353447,0.836
"83.7%",961118.251064672,0.837
"83.8%",968422.060760255,0.838
"83.9%",973730.900944273,0.839
"84.0%",979329.50920706,0.84
"84.1%",986342.414449357,0.841
"84.2%",992777.32394459,0.842
"84.3%",1000157.46187081,0.843
"84.4%",1001946.14875999,0.844
"84.5%",1003694.8477397,0.845
"84.6%",1005385.84632389,0.846
"84.7%",1007277.58757776,0.847
"84.8%",1008777.46304833,0.848
"84.9%",1010827.23739921,0.849
"85.0%",1012709.33904793,0.85
"85.1%",1014760.89113588,0.851
"85.2%",1016615.92794004,0.852
"85.3%",1018643.36819732,0.853
"85.4%",1020658.93363682,0.854
"85.5%",1022690.41361418,0.855
"85.6%",1025053.57488803,0.856
"85.7%",1027293.75243017,0.857
"85.8%",1029320.80763218,0.858
"85.9%",1031165.20614859,0.859
"86.0%",1033362.82315081,0.86
"86.1%",1035192.13468714,0.861
"86.2%",1037603.32376849,0.862
"86.3%",1039980.26871327,0.863
"86.4%",1042277.79949899,0.864
"86.5%",1044156.52295391,0.865
"86.6%",1046937.73803461,0.866
"86.7%",1049237.78336464,0.867
"86.8%",1051773.78662933,0.868
"86.9%",1054256.71859051,0.869
"87.0%",1056756.66273733,0.87
"87.1%",1059425.18050422,0.871
"87.2%",1062022.49704868,0.872
"87.3%",1064388.8177072,0.873
"87.4%",1066756.85455586,0.874
"87.5%",1069596.06745703,0.875
"87.6%",1072490.71223923,0.876
"87.7%",1075360.41643482,0.877
"87.8%",1078228.25398564,0.878
"87.9%",1081590.52601815,0.879
"88.0%",1084906.70227295,0.88
"88.1%",1088485.83297363,0.881
"88.2%",1091939.54856265,0.882
"88.3%",1095344.89841507,0.883
"88.4%",1099062.93762668,0.884
"88.5%",1103177.38279855,0.885
"88.6%",1106678.85796361,0.886
"88.7%",1110009.01798295,0.887
"88.8%",1113736.96393579,0.888
"88.9%",1117473.42704637,0.889
"89.0%",1121335.32731516,0.89
"89.1%",1125235.02363412,0.891
"89.2%",1129849.34903574,0.892
"89.3%",1134179.29828854,0.893
"89.4%",1138393.10401447,0.894
"89.5%",1142918.71615282,0.895
"89.6%",1147414.3575936,0.896
"89.7%",1152165.46350345,0.897
"89.8%",1157572.90646053,0.898
"89.9%",1162440.35158253,0.899
"90.0%",1167378.16361693,0.9
"90.1%",1171924.86396155,0.901
"90.2%",1176807.17040829,0.902
"90.3%",1182011.67236035,0.903
"90.4%",1187770.00119013,0.904
"90.5%",1194535.24037407,0.905
"90.6%",1200788.5019279,0.906
"90.7%",1206471.59176228,0.907
"90.8%",1212765.43208324,0.908
"90.9%",1220131.54980865,0.909
"91.0%",1227132.91478006,0.91
"91.1%",1233582.7102254,0.911
"91.2%",1239654.56590217,0.912
"91.3%",1246853.14610513,0.913
"91.4%",1256166.04897509,0.914
"91.5%",1263924.00007888,0.915
"91.6%",1270971.34822279,0.916
"91.7%",1280177.21434017,0.917
"91.8%",1287891.39180378,0.918
"91.9%",1297401.36731319,0.919
"92.0%",1306540.65823042,0.92
"92.1%",1316325.05342122,0.921
"92.2%",1327822.41575553,0.922
"92.3%",1342125.0521753,0.923
"92.4%",1353034.78523075,0.924
"92.5%",1362449.57444835,0.925
"92.6%",1376331.43765516,0.926
"92.7%",1390522.99282243,0.927
"92.8%",1406593.21715009,0.928
"92.9%",1420673.54279752,0.929
"93.0%",1435224.51697135,0.93
"93.1%",1449550.18912026,0.931
"93.2%",1465879.51456699,0.932
"93.3%",1483409.6064501,0.933
"93.4%",1501751.79820236,0.934
"93.5%",1523023.00750274,0.935
"93.6%",1541803.46952773,0.936
"93.7%",1561844.86579781,0.937
"93.8%",1588112.85164749,0.938
"93.9%",1618865.95692361,0.939
"94.0%",1643244.26057863,0.94
"94.1%",1670877.76797344,0.941
"94.2%",1699452.64611131,0.942
"94.3%",1735055.78483372,0.943
"94.4%",1767514.58691359,0.944
"94.5%",1797375.15334654,0.945
"94.6%",1833486.25922476,0.946
"94.7%",1868174.90724265,0.947
"94.8%",1910758.55322823,0.948
"94.9%",1947134.90300015,0.949
"95.0%",1994156.48297835,0.95
"95.1%",2013026.01336461,0.951
"95.2%",2025819.41771164,0.952
"95.3%",2038618.08135682,0.953
"95.4%",2052203.08942731,0.954
"95.5%",2067680.55614763,0.955
"95.6%",2084238.82676294,0.956
"95.7%",2105181.19053507,0.957
"95.8%",2121965.0575379,0.958
"95.9%",2142990.95926058,0.959
"96.0%",2164301.61835738,0.96
"96.1%",2189937.57305389,0.961
"96.2%",2219595.06940499,0.962
"96.3%",2253126.84650015,0.963
"96.4%",2284492.38596707,0.964
"96.5%",2321278.38068564,0.965
"96.6%",2364003.12471104,0.966
"96.7%",2409127.5393264,0.967
"96.8%",2448778.95452695,0.968
"96.9%",2503789.81998837,0.969
"97.0%",2562242.30290973,0.97
"97.1%",2633742.80115929,0.971
"97.2%",2713290.97966708,0.972
"97.3%",2784337.16622683,0.973
"97.4%",2848418.77642505,0.974
"97.5%",2945644.73673714,0.975
"97.6%",3029631.21523548,0.976
"97.7%",3084890.6740302,0.977
"97.8%",3157188.62832446,0.978
"97.9%",3238327.06075944,0.979
"98.0%",3344473.42801595,0.98
"98.1%",3458634.11672629,0.981
"98.2%",3586829.09105547,0.982
"98.3%",3719512.98514531,0.983
"98.4%",3911899.36088593,0.984
"98.5%",4059616.96350595,0.985
"98.6%",4199579.10987038,0.986
"98.7%",4375212.26862725,0.987
"98.8%",4609346.10959594,0.988
"98.9%",4868486.12474468,0.989
"99.0%",5038415.22336873,0.99
"99.1%",5112330.90231953,0.991
"99.2%",5233053.74741254,0.992
"99.3%",5382366.86793203,0.993
"99.4%",5566618.86636128,0.994
"99.5%",5878372.62897966,0.995
"99.6%",6266863.90898156,0.996
"99.7%",6811092.04264421,0.997
"99.8%",7653944.0793409,0.998
"99.9%",10072397.759804,0.999
"100.0%",58847514.9043959,1
